user,item,recommend
A3SGXH7AUHU8GW,B001E4KFG0,X
A1D87F6ZCVE5NK,B00813GRG4,X
ABXLMWJIXXAIN,B000LQOCH0,X
A30IP3E4MDQ36,B008O3G25W,X
A3IVDLIXVJCRDQ,B008O3G25W,X
A23HNW1ZWMFAYD,B008O3G25W,X
A3AZI828WJN1CD,B008O3G25W,X
A365DV8M74JXKB,B000EM8EHK,X
A3FVWLEWLRNB8T,B000EM8EHK,X
AMUSE72679O8D,B0060Q6FCK,X
A3K51VVIVEQX41,B0060Q6FCK,X
A2VB6JBTLMB9YC,B002C0Z4OS,X
A25WF34KSQND2M,B002C0Z4OS,X
A2NT1F84CD2T4Y,B002C0Z4OS,X
A3KLNT1PFO7RSG,B002C0Z4OS,X
A8YF97E0G09K3,B002C0Z4OS,X
AH1HCXA26ZN3S,B002C0Z4OS,X
AWNSQQJ44NPBT,B002C0Z4OS,X
A39FLSDYUUS6JG,B002C0Z4OS,X
A11H0WJS80I6PO,B002C0Z4OS,X
A2LMACEL9F0BBY,B002C0Z4OS,X
A37LKV9ZO38E00,B002C0Z4OS,X
A1Z4958PSNN2BI,B002C0Z4OS,X
AOQ2IB802NXAQ,B002C0Z4OS,X
ANKJE6ZVP0DQO,B002C0Z4OS,X
A2003IIFNLYNCZ,B001HTMR8Q,X
A39KQ9BWEUCLK,B000CQBZQK,X
A15B9GRD3DF13X,B000CQBZQK,X
A3VWIONYMJ98LZ,B000CQBZQK,X
A1CH9ILS0DCSVR,B000CQBZQK,X
A1CH9ILS0DCSVR,B000CQBZQK,X
A3MRDLY0FJNCOJ,B000CQBZQK,X
A28FIEZ0DVO7ZX,B000CQBZQK,X
A4CD2LFRNXYIY,B000CQBZQK,X
A2Z3HFWL7YYAQF,B000CQBZQK,X
A1YUL9PCJR3JTY,B00028LU40,X
AUEA2NJHMK9DF,B00028LU40,X
A159UJ2KI3A32E,B00028LU40,X
A24HQWVDBJ5ZT5,B00028LU40,X
A1YUL9PCJR3JTY,B00028LU40,X
A238JIL0ZOGNSW,B002C55XQ2,X
AF0C0V2241RC,B0047TGECS,X
A1XGU8Y7AHD1JQ,B001EQ4IC0,X
A3GN2H9FTY6UMK,B0029NQNWU,X
A1BFRTDMLD15UR,B0029NQNWU,X
A21ZRJE1AHHV35,B0029NQNWU,X
AKTYOHNI06IUG,B0029NQNWU,X
A5M25MQ8GOEHW,B0029NQNWU,X
A13DOLMII1JPXC,B0029NQNWU,X
A3BVM0J06QF2Z6,B0029NQNWU,X
A3JN69RW110073,B0029NQNWU,X
A3DMP65VOGN8LU,B000VZLH4C,X
A26E6STZIFGT9Q,B0001VWG50,X
A107TOIRSQ1JWX,B0077DRNYE,X
A2B29R6ATPJYOH,B002AYIJNY,X
A3EFP1F4BKWVUQ,B002AYIJNY,X
AAOXDK5LBQDYB,B002AYIJNY,X
A22H8K3Y6OJPVC,B002AYIJNY,X
AASZK6Z6GOYS,B002AYIJNY,X
A9079SQDB6AOK,B002AYIJNY,X
A100UZGZNZ9ZYN,B002AYIJNY,X
A8ZU7QYGKF4X,B004KPHYZ0,X
A1QIF2V1JKXP33,B004KPHYZ0,X
A1G6Q2NQMJ2C3X,B000FFLXQ0,X
A1EBDP064UZU3S,B000FFLXQ0,X
AHPW56XHNPYW1,B003150KV0,X
A3U1Z7TFLWQXR1,B003150KV0,X
A20VMMW9HI4SUL,B007IVEHNU,X
A1VBG5L6U6YTGY,B000CHMJWI,X
AAKG0EMIU1296,B000K6X8KI,X
AMM5D4MA2CP7C,B000K6X8KI,X
AGYS0D2X1WDFX,B000K6X8KI,X
A3V1A3C9DTLPME,B000K6X8KI,X
A73YL2BEZL1H1,B000K6X8KI,X
A2PQB9N6AE7VK2,B000K6X8KI,X
A1LZ3TV96VMVLF,B000K6X8KI,X
A38YA15XTW6CWG,B0017T6S2C,X
A21YE7J85IPVE4,B0017T6S2C,X
A2I6W1271EUF9F,B0017T6S2C,X
A2YAU2J7Q4Y709,B0017T6S2C,X
ACQB8FMHUZSY3,B0017T6S2C,X
A1X33GWPVBVUKY,B004DOTJH4,X
A2B8PJGA3D6GMP,B004DOTJH4,X
A2IW75ZCB9QM0Y,B004DOTJH4,X
A283UD6WWOJ2A4,B004DOTJH4,X
A86WHNJU31330,B000KGW27S,X
A1AG7JAJUY175Y,B000KGW27S,X
A36PXYC07WSMIV,B000KGW27S,X
A3LG1P8JTSTK6M,B000KGW27S,X
A2YMCPP3KW9IXU,B000KGW27S,X
A3I4PRP45AKAWO,B000KGW27S,X
AF0SDFW46CN7B,B000KGW27S,X
A5I175VYRZK4O,B006WOFLL6,X
A1YXTBBYN81QTB,B006WOFLL6,X
A1DQTSZ7PJAJ5S,B006WOFLL6,X
A3NYO9SW3XYZRC,B006WOFLL6,X
A1XY9N0C70AXVC,B006WOFLL6,X
A200BW42U7XM9T,B000UBH9YE,X
A3J4CYO5J72PVL,B000UBH9YE,X
A39ED7F7MXLOE7,B000UBH9YE,X
A25EE3X3GQ6M7L,B000UBH9YE,X
A36PG3D7ILZEU2,B000UBH9YE,X
A39RT8SGW093HQ,B000UBH9YE,X
A1WZO5N16472XP,B000UBH9YE,X
A32YUUD00S3HO8,B000UBH9YE,X
A281NGO8O03XWY,B000UBH9YE,X
A37VX6MDLU9WBR,B000UBH9YE,X
AYVA1OS3PL19K,B000UBH9YE,X
ATUG19TAK6957,B000UBH9YE,X
A3SL9FKRCR2D0K,B000UBH9YE,X
A20Q5S070GEQIW,B000UBH9YE,X
A280XS60DKT8U5,B000UBH9YE,X
A33XP2OL2P0T0,B0029K2X6I,X
A2YQLZKA294DYO,B00028Q96O,X
A3H41NB0S6KV7M,B007AZ4YNM,X
A2M0MUXZXFMKDF,B0028PW2I8,X
A3POAWC2JPQQQP,B005MJF6C6,X
A1B4TXE58QSYVH,B005GTXSVS,X
A1PUF7YTIDBTPI,B005GTXSVS,X
A3OXHLG6DIBRW8,B000GW0UGG,X
A2MOJANFPX353G,B000GW0UGG,X
A7MXWFCWVXJZE,B000GW0UGG,X
A3RMGIKUWGPZOK,B000GW0UGG,X
A2MNB77YGJ3CN0,B000GW0UGG,X
ABBAG2ZQY7NY,B000GW0UGG,O
A21Z8B8XSZ4R17,B000GW0UGG,O
ACJT8MUC0LRF0,B0039KEQUI,X
A3OB8XVV2KVWQP,B0039KEQUI,X
A31FHDEU5LI4NV,B0039KEQUI,X
A22FNF1EYLSWJD,B001MXBUZS,X
AJQDIT55SZ3ZX,B003AOIN7A,X
A1TU28E844T9FG,B003AOIN7A,X
A17CEBYTEJMAB3,B003AOIN7A,X
A3VF7QWKWT0PG6,B003AOIN7A,X
AVVGI1FW8KDZ7,B003AOIN7A,X
APAOH2F2DRQVI,B003AOIN7A,X
A365GZ1IVMKQ0Y,B00472S31A,X
A343Y76WJTBYP6,B001LQTJEU,X
ADAOC6UTL8ZZV,B001LQTJEU,X
A2KAVIGB0P4QIO,B001LQTJEU,X
A27TRXKVO0M82J,B001LQTJEU,X
A2ALD2MD77NX5H,B001SAY5FC,X
A1T09WG9F5LXX1,B004QFIFO8,X
AP2D9UKD0V6XW,B008O8D6A6,X
A3EPHBMU07LZ50,B0025VQJK2,X
A17NHG3B5LMUIY,B0025VQJK2,X
A3HW912LR80ICN,B0025VQJK2,X
A31N6KB160O508,B0025VQJK2,X
A2ZTDHBBMM93VS,B0000GIOPW,X
A2Y8JZY1CD2TL4,B006SXN8VQ,X
A1RP1THAL7CUMV,B006SXN8VQ,X
A2YZJDCTZ6B3SK,B006SXN8VQ,X
A1421EDED1JI4I,B006SXN8VQ,X
A1P478YKNZYVXE,B006SXN8VQ,X
A3LG62BH88N8GP,B006SXN8VQ,X
A1ZWZFD0YEM2WK,B006SXN8VQ,X
A12V99A19RKUAL,B006SXN8VQ,X
A2XHKPWCJHMWUN,B006SXN8VQ,X
AF44MU313L704,B0002DGRZC,X
AYS3F0L3VFP6G,B0002DGRZC,X
AFDTV642ZGJ8S,B0002DGRZC,X
A32TR272T1PFE1,B0002DGRZC,X
A3JDAZ5YVHY15U,B0002DGRZC,X
AS8WFSJTEPKX0,B0002DGRZC,X
A371B3Z09W4GT5,B0002DGRZC,X
A21N1PT1A908KW,B0002DGRZC,X
A29JUMRL1US6YP,B0002DGRZC,X
A24CFW43ZERCSU,B0002DGRZC,X
A296N1BPL2LBAA,B0002DGRZC,X
A3CEN1KNU51AD0,B0002DGRZC,X
A3G8C334EDZPP7,B0002DGRZC,X
AQHATKEPH80P0,B0002DGRZC,X
A1WKFVJCSW1OW6,B0002DGRZC,X
A38H80FBUIF8I3,B0002DGRZC,X
A13LAE0YTXA11B,B0002DGRZC,X
A13MS1JQG2ADOJ,B0002DGRZC,X
ADXXVGRCGQQUO,B0002DGRZC,X
AZ40270J4JBZN,B0002DGRZC,X
A2ZO1AYFVQYG44,B0002DGRZC,X
A2SWO60IW01VPX,B0002DGRZC,X
A1V5MY8V9AWUQB,B0002DGRZC,X
A1L8DNQYY69L2Z,B0002DGRZC,X
A38AN6ZRMHV6EU,B0002DGRZC,X
A5F2CS558RBDA,B0002DGRZC,X
A3TFTWTG2CC1GA,B0002DGRZC,X
A16QUDK9MXGT58,B0002DGRZC,X
AN6G00SYXBOV3,B0002DGRZC,X
A25THJL7YWYDNF,B0002DGRZC,X
AJD41FBJD9010,B0002DGRZC,O
AJD41FBJD9010,B0002DGRZC,O
AJD41FBJD9010,B0002DGRZC,O
A2GD3MQQZC4UT7,B0002DGRZC,X
A9WRBX9150HCU,B0002DGRZC,X
A186Y1BDGRGAOQ,B0002DGRZC,X
A37IG6KAHNLQAX,B0002DGRZC,X
AYJO0BRLZV97N,B0002DGRZC,X
A2VO25MGV2JZP4,B0002DGRZC,X
AZ7GJ72KEZTB9,B0002DGRZC,X
A1WZWIME0UDS0M,B0002DGRZC,X
AWX6ODOEINYRU,B008FHUCNU,X
